_id,County,Area Type,Year,Month,Date_Numeric,Seasonally Adjusted(Y/N),Status,LaborForce,Employment,Unemployment,UnemploymentRate,Benchmark,date
1560,Alameda County,County,2020,February,02/2020,N,Final,896800,871800,25000,2.8,2024,2020-02-01
1561,Alameda County,County,2020,March,03/2020,N,Final,883800,846900,36900,4.2,2024,2020-03-01
1562,Alameda County,County,2020,April,04/2020,N,Final,846200,726900,119300,14.1,2024,2020-04-01
1563,Alameda County,County,2020,May,05/2020,N,Final,838600,726100,112500,13.4,2024,2020-05-01
1564,Alameda County,County,2020,June,06/2020,N,Final,861300,756200,105100,12.2,2024,2020-06-01
1565,Alameda County,County,2020,July,07/2020,N,Final,862000,764000,98100,11.4,2024,2020-07-01
1566,Alameda County,County,2020,August,08/2020,N,Final,854800,773400,81300,9.5,2024,2020-08-01
1567,Alameda County,County,2020,September,09/2020,N,Final,853300,775700,77500,9.1,2024,2020-09-01
1568,Alameda County,County,2020,October,10/2020,N,Final,850000,782700,67300,7.9,2024,2020-10-01
1569,Alameda County,County,2020,November,11/2020,N,Final,845100,781200,64000,7.6,2024,2020-11-01
1570,Alameda County,County,2020,December,12/2020,N,Final,843400,781300,62200,7.4,2024,2020-12-01
1571,Alameda County,County,2021,January,01/2021,N,Final,835100,773900,61200,7.3,2024,2021-01-01
1572,Alameda County,County,2021,February,02/2021,N,Final,840300,781100,59300,7.1,2024,2021-02-01
1573,Alameda County,County,2021,March,03/2021,N,Final,842700,786000,56600,6.7,2024,2021-03-01
1574,Alameda County,County,2021,April,04/2021,N,Final,838300,783200,55200,6.6,2024,2021-04-01
1575,Alameda County,County,2021,May,05/2021,N,Final,841100,790500,50600,6.0,2024,2021-05-01
1576,Alameda County,County,2021,June,06/2021,N,Final,846600,789900,56700,6.7,2024,2021-06-01
1577,Alameda County,County,2021,July,07/2021,N,Final,853700,800400,53300,6.2,2024,2021-07-01
1578,Alameda County,County,2021,August,08/2021,N,Final,850900,800400,50500,5.9,2024,2021-08-01
1579,Alameda County,County,2021,September,09/2021,N,Final,850900,808500,42400,5.0,2024,2021-09-01
1580,Alameda County,County,2021,October,10/2021,N,Final,851400,811000,40400,4.7,2024,2021-10-01
1581,Alameda County,County,2021,November,11/2021,N,Final,853400,817200,36200,4.2,2024,2021-11-01
1582,Alameda County,County,2021,December,12/2021,N,Final,853400,820600,32800,3.8,2024,2021-12-01
1583,Alameda County,County,2022,January,01/2022,N,Final,853800,817400,36400,4.3,2024,2022-01-01
1584,Alameda County,County,2022,February,02/2022,N,Final,858300,826100,32200,3.7,2024,2022-02-01
1585,Alameda County,County,2022,March,03/2022,N,Final,861500,832800,28700,3.3,2024,2022-03-01
1586,Alameda County,County,2022,April,04/2022,N,Final,848000,823100,24900,2.9,2024,2022-04-01
1587,Alameda County,County,2022,May,05/2022,N,Final,853000,830600,22500,2.6,2024,2022-05-01
1588,Alameda County,County,2022,June,06/2022,N,Final,854100,827200,26900,3.2,2024,2022-06-01
1589,Alameda County,County,2022,July,07/2022,N,Final,857000,830300,26700,3.1,2024,2022-07-01
1590,Alameda County,County,2022,August,08/2022,N,Final,858400,830500,27900,3.3,2024,2022-08-01
1591,Alameda County,County,2022,September,09/2022,N,Final,859100,834100,25100,2.9,2024,2022-09-01
1592,Alameda County,County,2022,October,10/2022,N,Final,859000,832600,26400,3.1,2024,2022-10-01
1593,Alameda County,County,2022,November,11/2022,N,Final,858600,831600,27000,3.1,2024,2022-11-01
1594,Alameda County,County,2022,December,12/2022,N,Final,858200,833200,25000,2.9,2024,2022-12-01
1595,Alameda County,County,2023,January,01/2023,N,Final,857600,827600,30000,3.5,2024,2023-01-01
1596,Alameda County,County,2023,February,02/2023,N,Final,865300,834500,30900,3.6,2024,2023-02-01
1597,Alameda County,County,2023,March,03/2023,N,Final,869900,839600,30300,3.5,2024,2023-03-01
1598,Alameda County,County,2023,April,04/2023,N,Final,861200,833900,27300,3.2,2024,2023-04-01
1599,Alameda County,County,2023,May,05/2023,N,Final,861800,833100,28700,3.3,2024,2023-05-01
1600,Alameda County,County,2023,June,06/2023,N,Final,861100,827800,33400,3.9,2024,2023-06-01
1601,Alameda County,County,2023,July,07/2023,N,Final,870300,835600,34700,4.0,2024,2023-07-01
1602,Alameda County,County,2023,August,08/2023,N,Final,871000,833100,37900,4.4,2024,2023-08-01
1603,Alameda County,County,2023,September,09/2023,N,Final,872400,836500,35900,4.1,2024,2023-09-01
1604,Alameda County,County,2023,October,10/2023,N,Final,868600,831600,37000,4.3,2024,2023-10-01
1605,Alameda County,County,2023,November,11/2023,N,Final,870900,834700,36200,4.2,2024,2023-11-01
1606,Alameda County,County,2023,December,12/2023,N,Final,865500,830200,35300,4.1,2024,2023-12-01
1607,Alameda County,County,2024,January,01/2024,N,Final,863300,824600,38700,4.5,2024,2024-01-01
1608,Alameda County,County,2024,February,02/2024,N,Final,867800,829500,38300,4.4,2024,2024-02-01
1609,Alameda County,County,2024,March,03/2024,N,Final,870100,832900,37100,4.3,2024,2024-03-01
1610,Alameda County,County,2024,April,04/2024,N,Final,861800,827700,34000,4.0,2024,2024-04-01
1611,Alameda County,County,2024,May,05/2024,N,Final,861700,828700,33000,3.8,2024,2024-05-01
1612,Alameda County,County,2024,June,06/2024,N,Final,864000,824600,39400,4.6,2024,2024-06-01
1613,Alameda County,County,2024,July,07/2024,N,Final,873200,830000,43200,4.9,2024,2024-07-01
1614,Alameda County,County,2024,August,08/2024,N,Final,869000,825500,43600,5.0,2024,2024-08-01
1615,Alameda County,County,2024,September,09/2024,N,Final,869700,830900,38900,4.5,2024,2024-09-01
1616,Alameda County,County,2024,October,10/2024,N,Final,866800,826900,39900,4.6,2024,2024-10-01
1617,Alameda County,County,2024,November,11/2024,N,Final,865600,825700,39900,4.6,2024,2024-11-01
1618,Alameda County,County,2024,December,12/2024,N,Final,862800,825600,37200,4.3,2024,2024-12-01
1619,Alameda County,County,2025,January,01/2025,N,Final,866300,826200,40100,4.6,2024,2025-01-01
1620,Alameda County,County,2025,February,02/2025,N,Final,867800,829200,38600,4.4,2024,2025-02-01
1621,Alameda County,County,2025,March,03/2025,N,Final,876300,838400,37800,4.3,2024,2025-03-01
1622,Alameda County,County,2025,April,04/2025,N,Final,869600,833300,36300,4.2,2024,2025-04-01
1623,Alameda County,County,2025,May,05/2025,N,Final,869800,833700,36100,4.1,2024,2025-05-01
1624,Alameda County,County,2025,June,06/2025,N,Final,867900,824500,43400,5.0,2024,2025-06-01
1625,Alameda County,County,2025,July,07/2025,N,Final,871200,825000,46200,5.3,2024,2025-07-01
1626,Alameda County,County,2025,August,08/2025,N,Final,873400,828800,44600,5.1,2024,2025-08-01
1627,Alameda County,County,2025,September,09/2025,N,Final,874800,831800,43000,4.9,2024,2025-09-01
1628,Alameda County,County,2025,November,11/2025,N,Final,873700,833000,40800,4.7,2024,2025-11-01
1629,Alameda County,County,2025,December,12/2025,N,Preliminary,867700,829500,38200,4.4,2024,2025-12-01
4146,Contra Costa County,County,2020,February,02/2020,N,Final,588500,571000,17500,3.0,2024,2020-02-01
4147,Contra Costa County,County,2020,March,03/2020,N,Final,580300,554700,25500,4.4,2024,2020-03-01
4148,Contra Costa County,County,2020,April,04/2020,N,Final,558100,476000,82100,14.7,2024,2020-04-01
4149,Contra Costa County,County,2020,May,05/2020,N,Final,551000,475500,75600,13.7,2024,2020-05-01
4150,Contra Costa County,County,2020,June,06/2020,N,Final,565000,495500,69500,12.3,2024,2020-06-01
4151,Contra Costa County,County,2020,July,07/2020,N,Final,565900,500900,65000,11.5,2024,2020-07-01
4152,Contra Costa County,County,2020,August,08/2020,N,Final,560900,507200,53800,9.6,2024,2020-08-01
4153,Contra Costa County,County,2020,September,09/2020,N,Final,560000,508800,51300,9.2,2024,2020-09-01
4154,Contra Costa County,County,2020,October,10/2020,N,Final,558100,513300,44800,8.0,2024,2020-10-01
4155,Contra Costa County,County,2020,November,11/2020,N,Final,554900,512000,43000,7.7,2024,2020-11-01
4156,Contra Costa County,County,2020,December,12/2020,N,Final,554400,511900,42500,7.7,2024,2020-12-01
4157,Contra Costa County,County,2021,January,01/2021,N,Final,559800,517300,42500,7.6,2024,2021-01-01
4158,Contra Costa County,County,2021,February,02/2021,N,Final,563200,521900,41300,7.3,2024,2021-02-01
4159,Contra Costa County,County,2021,March,03/2021,N,Final,565100,525600,39500,7.0,2024,2021-03-01
4160,Contra Costa County,County,2021,April,04/2021,N,Final,561900,523200,38700,6.9,2024,2021-04-01
4161,Contra Costa County,County,2021,May,05/2021,N,Final,563600,528100,35500,6.3,2024,2021-05-01
4162,Contra Costa County,County,2021,June,06/2021,N,Final,567700,527800,39900,7.0,2024,2021-06-01
4163,Contra Costa County,County,2021,July,07/2021,N,Final,572600,535100,37500,6.5,2024,2021-07-01
4164,Contra Costa County,County,2021,August,08/2021,N,Final,570600,535100,35500,6.2,2024,2021-08-01
4165,Contra Costa County,County,2021,September,09/2021,N,Final,570800,540700,30100,5.3,2024,2021-09-01
4166,Contra Costa County,County,2021,October,10/2021,N,Final,571300,542400,28900,5.1,2024,2021-10-01
4167,Contra Costa County,County,2021,November,11/2021,N,Final,572100,546300,25800,4.5,2024,2021-11-01
4168,Contra Costa County,County,2021,December,12/2021,N,Final,571600,548100,23500,4.1,2024,2021-12-01
4169,Contra Costa County,County,2022,January,01/2022,N,Final,574200,548000,26200,4.6,2024,2022-01-01
4170,Contra Costa County,County,2022,February,02/2022,N,Final,577100,553800,23300,4.0,2024,2022-02-01
4171,Contra Costa County,County,2022,March,03/2022,N,Final,578900,558300,20600,3.6,2024,2022-03-01
4172,Contra Costa County,County,2022,April,04/2022,N,Final,569300,551400,18000,3.2,2024,2022-04-01
4173,Contra Costa County,County,2022,May,05/2022,N,Final,572800,556400,16300,2.8,2024,2022-05-01
4174,Contra Costa County,County,2022,June,06/2022,N,Final,573900,554500,19500,3.4,2024,2022-06-01
4175,Contra Costa County,County,2022,July,07/2022,N,Final,575600,556400,19200,3.3,2024,2022-07-01
4176,Contra Costa County,County,2022,August,08/2022,N,Final,576600,556600,19900,3.5,2024,2022-08-01
4177,Contra Costa County,County,2022,September,09/2022,N,Final,577000,559100,17900,3.1,2024,2022-09-01
4178,Contra Costa County,County,2022,October,10/2022,N,Final,577000,558100,18900,3.3,2024,2022-10-01
4179,Contra Costa County,County,2022,November,11/2022,N,Final,576600,557300,19300,3.3,2024,2022-11-01
4180,Contra Costa County,County,2022,December,12/2022,N,Final,575800,558200,17700,3.1,2024,2022-12-01
4181,Contra Costa County,County,2023,January,01/2023,N,Final,577500,556000,21500,3.7,2024,2023-01-01
4182,Contra Costa County,County,2023,February,02/2023,N,Final,582600,560700,21800,3.7,2024,2023-02-01
4183,Contra Costa County,County,2023,March,03/2023,N,Final,585300,564000,21400,3.6,2024,2023-03-01
4184,Contra Costa County,County,2023,April,04/2023,N,Final,578900,560100,18900,3.3,2024,2023-04-01
4185,Contra Costa County,County,2023,May,05/2023,N,Final,579000,559500,19500,3.4,2024,2023-05-01
4186,Contra Costa County,County,2023,June,06/2023,N,Final,578800,556100,22600,3.9,2024,2023-06-01
4187,Contra Costa County,County,2023,July,07/2023,N,Final,584500,561300,23200,4.0,2024,2023-07-01
4188,Contra Costa County,County,2023,August,08/2023,N,Final,584600,559300,25300,4.3,2024,2023-08-01
4189,Contra Costa County,County,2023,September,09/2023,N,Final,585700,561800,23900,4.1,2024,2023-09-01
4190,Contra Costa County,County,2023,October,10/2023,N,Final,583100,558500,24700,4.2,2024,2023-10-01
4191,Contra Costa County,County,2023,November,11/2023,N,Final,584800,560600,24200,4.1,2024,2023-11-01
4192,Contra Costa County,County,2023,December,12/2023,N,Final,581400,557600,23800,4.1,2024,2023-12-01
4193,Contra Costa County,County,2024,January,01/2024,N,Final,580100,553900,26200,4.5,2024,2024-01-01
4194,Contra Costa County,County,2024,February,02/2024,N,Final,584200,557900,26300,4.5,2024,2024-02-01
4195,Contra Costa County,County,2024,March,03/2024,N,Final,585500,560200,25300,4.3,2024,2024-03-01
4196,Contra Costa County,County,2024,April,04/2024,N,Final,579300,556200,23100,4.0,2024,2024-04-01
4197,Contra Costa County,County,2024,May,05/2024,N,Final,579200,557100,22100,3.8,2024,2024-05-01
4198,Contra Costa County,County,2024,June,06/2024,N,Final,580700,553900,26800,4.6,2024,2024-06-01
4199,Contra Costa County,County,2024,July,07/2024,N,Final,586700,557400,29300,5.0,2024,2024-07-01
4200,Contra Costa County,County,2024,August,08/2024,N,Final,583900,554300,29600,5.1,2024,2024-08-01
4201,Contra Costa County,County,2024,September,09/2024,N,Final,584300,557800,26500,4.5,2024,2024-09-01
4202,Contra Costa County,County,2024,October,10/2024,N,Final,582000,554900,27200,4.7,2024,2024-10-01
4203,Contra Costa County,County,2024,November,11/2024,N,Final,581600,554200,27300,4.7,2024,2024-11-01
4204,Contra Costa County,County,2024,December,12/2024,N,Final,579700,554100,25600,4.4,2024,2024-12-01
4205,Contra Costa County,County,2025,January,01/2025,N,Final,582400,554700,27700,4.8,2024,2025-01-01
4206,Contra Costa County,County,2025,February,02/2025,N,Final,583900,557100,26800,4.6,2024,2025-02-01
4207,Contra Costa County,County,2025,March,03/2025,N,Final,589400,563300,26100,4.4,2024,2025-03-01
4208,Contra Costa County,County,2025,April,04/2025,N,Final,584700,559700,25000,4.3,2024,2025-04-01
4209,Contra Costa County,County,2025,May,05/2025,N,Final,585200,560600,24600,4.2,2024,2025-05-01
4210,Contra Costa County,County,2025,June,06/2025,N,Final,583600,553800,29800,5.1,2024,2025-06-01
4211,Contra Costa County,County,2025,July,07/2025,N,Final,585700,554100,31600,5.4,2024,2025-07-01
4212,Contra Costa County,County,2025,August,08/2025,N,Final,587000,556400,30600,5.2,2024,2025-08-01
4213,Contra Costa County,County,2025,September,09/2025,N,Final,587800,558300,29500,5.0,2024,2025-09-01
4214,Contra Costa County,County,2025,November,11/2025,N,Final,587700,559500,28200,4.8,2024,2025-11-01
4215,Contra Costa County,County,2025,December,12/2025,N,Preliminary,583000,556700,26300,4.5,2024,2025-12-01
10947,Marin County,County,2020,February,02/2020,N,Final,131500,128200,3300,2.5,2024,2020-02-01
10948,Marin County,County,2020,March,03/2020,N,Final,129000,124200,4900,3.8,2024,2020-03-01
10949,Marin County,County,2020,April,04/2020,N,Final,118100,102900,15200,12.9,2024,2020-04-01
10950,Marin County,County,2020,May,05/2020,N,Final,117800,103900,13900,11.8,2024,2020-05-01
10951,Marin County,County,2020,June,06/2020,N,Final,122700,109800,12800,10.5,2024,2020-06-01
10952,Marin County,County,2020,July,07/2020,N,Final,123300,111500,11900,9.6,2024,2020-07-01
10953,Marin County,County,2020,August,08/2020,N,Final,122700,113000,9600,7.8,2024,2020-08-01
10954,Marin County,County,2020,September,09/2020,N,Final,122200,113200,9000,7.4,2024,2020-09-01
10955,Marin County,County,2020,October,10/2020,N,Final,122000,114300,7700,6.3,2024,2020-10-01
10956,Marin County,County,2020,November,11/2020,N,Final,120800,113400,7400,6.1,2024,2020-11-01
10957,Marin County,County,2020,December,12/2020,N,Final,120800,113500,7300,6.1,2024,2020-12-01
10958,Marin County,County,2021,January,01/2021,N,Final,119400,112000,7400,6.2,2024,2021-01-01
10959,Marin County,County,2021,February,02/2021,N,Final,120300,113200,7100,5.9,2024,2021-02-01
10960,Marin County,County,2021,March,03/2021,N,Final,121400,114600,6800,5.6,2024,2021-03-01
10961,Marin County,County,2021,April,04/2021,N,Final,120400,113900,6500,5.4,2024,2021-04-01
10962,Marin County,County,2021,May,05/2021,N,Final,120600,114700,5900,4.9,2024,2021-05-01
10963,Marin County,County,2021,June,06/2021,N,Final,121800,115100,6600,5.5,2024,2021-06-01
10964,Marin County,County,2021,July,07/2021,N,Final,124000,117600,6300,5.1,2024,2021-07-01
10965,Marin County,County,2021,August,08/2021,N,Final,123000,116900,6100,4.9,2024,2021-08-01
10966,Marin County,County,2021,September,09/2021,N,Final,123000,118000,5000,4.1,2024,2021-09-01
10967,Marin County,County,2021,October,10/2021,N,Final,123200,118400,4800,3.9,2024,2021-10-01
10968,Marin County,County,2021,November,11/2021,N,Final,123200,118900,4400,3.5,2024,2021-11-01
10969,Marin County,County,2021,December,12/2021,N,Final,122800,118900,3900,3.2,2024,2021-12-01
10970,Marin County,County,2022,January,01/2022,N,Final,122100,117600,4500,3.7,2024,2022-01-01
10971,Marin County,County,2022,February,02/2022,N,Final,123000,118900,4100,3.3,2024,2022-02-01
10972,Marin County,County,2022,March,03/2022,N,Final,123600,119900,3600,3.0,2024,2022-03-01
10973,Marin County,County,2022,April,04/2022,N,Final,122100,118900,3200,2.6,2024,2022-04-01
10974,Marin County,County,2022,May,05/2022,N,Final,123300,120400,2900,2.3,2024,2022-05-01
10975,Marin County,County,2022,June,06/2022,N,Final,124200,120600,3600,2.9,2024,2022-06-01
10976,Marin County,County,2022,July,07/2022,N,Final,124400,120900,3500,2.8,2024,2022-07-01
10977,Marin County,County,2022,August,08/2022,N,Final,124100,120400,3700,3.0,2024,2022-08-01
10978,Marin County,County,2022,September,09/2022,N,Final,124000,120800,3300,2.6,2024,2022-09-01
10979,Marin County,County,2022,October,10/2022,N,Final,124500,121100,3400,2.8,2024,2022-10-01
10980,Marin County,County,2022,November,11/2022,N,Final,124500,121000,3500,2.8,2024,2022-11-01
10981,Marin County,County,2022,December,12/2022,N,Final,124000,120800,3200,2.6,2024,2022-12-01
10982,Marin County,County,2023,January,01/2023,N,Final,123700,119700,4000,3.2,2024,2023-01-01
10983,Marin County,County,2023,February,02/2023,N,Final,125400,121300,4100,3.3,2024,2023-02-01
10984,Marin County,County,2023,March,03/2023,N,Final,125400,121500,3900,3.1,2024,2023-03-01
10985,Marin County,County,2023,April,04/2023,N,Final,124300,120700,3600,2.9,2024,2023-04-01
10986,Marin County,County,2023,May,05/2023,N,Final,124300,120600,3700,3.0,2024,2023-05-01
10987,Marin County,County,2023,June,06/2023,N,Final,125200,120800,4400,3.5,2024,2023-06-01
10988,Marin County,County,2023,July,07/2023,N,Final,125800,121300,4500,3.5,2024,2023-07-01
10989,Marin County,County,2023,August,08/2023,N,Final,125400,120400,5000,4.0,2024,2023-08-01
10990,Marin County,County,2023,September,09/2023,N,Final,125800,121000,4800,3.8,2024,2023-09-01
10991,Marin County,County,2023,October,10/2023,N,Final,125100,120300,4800,3.8,2024,2023-10-01
10992,Marin County,County,2023,November,11/2023,N,Final,125700,120900,4700,3.8,2024,2023-11-01
10993,Marin County,County,2023,December,12/2023,N,Final,125100,120500,4600,3.7,2024,2023-12-01
10994,Marin County,County,2024,January,01/2024,N,Final,124700,119700,5100,4.1,2024,2024-01-01
10995,Marin County,County,2024,February,02/2024,N,Final,126400,121400,5000,4.0,2024,2024-02-01
10996,Marin County,County,2024,March,03/2024,N,Final,126700,121900,4800,3.8,2024,2024-03-01
10997,Marin County,County,2024,April,04/2024,N,Final,124000,119600,4300,3.5,2024,2024-04-01
10998,Marin County,County,2024,May,05/2024,N,Final,124700,120700,4100,3.3,2024,2024-05-01
10999,Marin County,County,2024,June,06/2024,N,Final,125600,120500,5100,4.1,2024,2024-06-01
11000,Marin County,County,2024,July,07/2024,N,Final,126900,121400,5500,4.3,2024,2024-07-01
11001,Marin County,County,2024,August,08/2024,N,Final,126000,120300,5700,4.5,2024,2024-08-01
11002,Marin County,County,2024,September,09/2024,N,Final,125700,120700,5000,4.0,2024,2024-09-01
11003,Marin County,County,2024,October,10/2024,N,Final,125000,119900,5000,4.0,2024,2024-10-01
11004,Marin County,County,2024,November,11/2024,N,Final,124600,119600,5000,4.0,2024,2024-11-01
11005,Marin County,County,2024,December,12/2024,N,Final,124200,119600,4600,3.7,2024,2024-12-01
11006,Marin County,County,2025,January,01/2025,N,Final,125200,120100,5100,4.1,2024,2025-01-01
11007,Marin County,County,2025,February,02/2025,N,Final,126300,121300,5000,3.9,2024,2025-02-01
11008,Marin County,County,2025,March,03/2025,N,Final,127200,122400,4900,3.8,2024,2025-03-01
11009,Marin County,County,2025,April,04/2025,N,Final,126300,121600,4700,3.7,2024,2025-04-01
11010,Marin County,County,2025,May,05/2025,N,Final,127000,122500,4500,3.6,2024,2025-05-01
11011,Marin County,County,2025,June,06/2025,N,Final,126600,120900,5700,4.5,2024,2025-06-01
11012,Marin County,County,2025,July,07/2025,N,Final,127200,121100,6100,4.8,2024,2025-07-01
11013,Marin County,County,2025,August,08/2025,N,Final,127100,121300,5800,4.6,2024,2025-08-01
11014,Marin County,County,2025,September,09/2025,N,Final,126800,121200,5700,4.5,2024,2025-09-01
11015,Marin County,County,2025,November,11/2025,N,Final,127000,121700,5400,4.2,2024,2025-11-01
11016,Marin County,County,2025,December,12/2025,N,Preliminary,125100,120100,5000,4.0,2024,2025-12-01
13964,Napa County,County,2020,February,02/2020,N,Final,73600,71200,2300,3.2,2024,2020-02-01
13965,Napa County,County,2020,March,03/2020,N,Final,72300,68900,3300,4.6,2024,2020-03-01
13966,Napa County,County,2020,April,04/2020,N,Final,67200,55200,12000,17.9,2024,2020-04-01
13967,Napa County,County,2020,May,05/2020,N,Final,68400,57900,10500,15.4,2024,2020-05-01
13968,Napa County,County,2020,June,06/2020,N,Final,71100,62500,8600,12.1,2024,2020-06-01
13969,Napa County,County,2020,July,07/2020,N,Final,70500,63000,7500,10.6,2024,2020-07-01
13970,Napa County,County,2020,August,08/2020,N,Final,69300,63200,6100,8.8,2024,2020-08-01
13971,Napa County,County,2020,September,09/2020,N,Final,69100,63500,5600,8.2,2024,2020-09-01
13972,Napa County,County,2020,October,10/2020,N,Final,67600,62600,5000,7.4,2024,2020-10-01
13973,Napa County,County,2020,November,11/2020,N,Final,65800,60800,5000,7.5,2024,2020-11-01
13974,Napa County,County,2020,December,12/2020,N,Final,64900,59800,5100,7.9,2024,2020-12-01
13975,Napa County,County,2021,January,01/2021,N,Final,65100,58800,6300,9.6,2024,2021-01-01
13976,Napa County,County,2021,February,02/2021,N,Final,67300,62000,5300,7.9,2024,2021-02-01
13977,Napa County,County,2021,March,03/2021,N,Final,68100,63300,4900,7.1,2024,2021-03-01
13978,Napa County,County,2021,April,04/2021,N,Final,68400,63700,4600,6.8,2024,2021-04-01
13979,Napa County,County,2021,May,05/2021,N,Final,69800,65600,4100,5.9,2024,2021-05-01
13980,Napa County,County,2021,June,06/2021,N,Final,70300,65800,4500,6.4,2024,2021-06-01
13981,Napa County,County,2021,July,07/2021,N,Final,70400,66300,4100,5.9,2024,2021-07-01
13982,Napa County,County,2021,August,08/2021,N,Final,70100,66300,3900,5.5,2024,2021-08-01
13983,Napa County,County,2021,September,09/2021,N,Final,70800,67600,3200,4.6,2024,2021-09-01
13984,Napa County,County,2021,October,10/2021,N,Final,70100,66900,3100,4.5,2024,2021-10-01
13985,Napa County,County,2021,November,11/2021,N,Final,67800,64800,3000,4.4,2024,2021-11-01
13986,Napa County,County,2021,December,12/2021,N,Final,67000,64100,2900,4.3,2024,2021-12-01
13987,Napa County,County,2022,January,01/2022,N,Final,68200,64900,3300,4.8,2024,2022-01-01
13988,Napa County,County,2022,February,02/2022,N,Final,69600,66800,2800,4.1,2024,2022-02-01
13989,Napa County,County,2022,March,03/2022,N,Final,70300,67800,2500,3.5,2024,2022-03-01
13990,Napa County,County,2022,April,04/2022,N,Final,70400,68300,2100,3.0,2024,2022-04-01
13991,Napa County,County,2022,May,05/2022,N,Final,71900,70000,1800,2.6,2024,2022-05-01
13992,Napa County,County,2022,June,06/2022,N,Final,72100,69900,2200,3.0,2024,2022-06-01
13993,Napa County,County,2022,July,07/2022,N,Final,72700,70700,2100,2.9,2024,2022-07-01
13994,Napa County,County,2022,August,08/2022,N,Final,72300,70100,2200,3.0,2024,2022-08-01
13995,Napa County,County,2022,September,09/2022,N,Final,73400,71400,2000,2.7,2024,2022-09-01
13996,Napa County,County,2022,October,10/2022,N,Final,72300,70100,2100,3.0,2024,2022-10-01
13997,Napa County,County,2022,November,11/2022,N,Final,70000,67700,2300,3.3,2024,2022-11-01
13998,Napa County,County,2022,December,12/2022,N,Final,68900,66600,2300,3.3,2024,2022-12-01
13999,Napa County,County,2023,January,01/2023,N,Final,69600,66800,2800,4.0,2024,2023-01-01
14000,Napa County,County,2023,February,02/2023,N,Final,72200,69500,2700,3.7,2024,2023-02-01
14001,Napa County,County,2023,March,03/2023,N,Final,72300,69700,2500,3.5,2024,2023-03-01
14002,Napa County,County,2023,April,04/2023,N,Final,71500,69300,2200,3.1,2024,2023-04-01
14003,Napa County,County,2023,May,05/2023,N,Final,74700,72600,2100,2.8,2024,2023-05-01
14004,Napa County,County,2023,June,06/2023,N,Final,74500,72100,2400,3.2,2024,2023-06-01
14005,Napa County,County,2023,July,07/2023,N,Final,75400,73000,2400,3.2,2024,2023-07-01
14006,Napa County,County,2023,August,08/2023,N,Final,74400,71800,2600,3.5,2024,2023-08-01
14007,Napa County,County,2023,September,09/2023,N,Final,74700,72200,2500,3.3,2024,2023-09-01
14008,Napa County,County,2023,October,10/2023,N,Final,74900,72500,2500,3.3,2024,2023-10-01
14009,Napa County,County,2023,November,11/2023,N,Final,72500,70000,2500,3.4,2024,2023-11-01
14010,Napa County,County,2023,December,12/2023,N,Final,69700,66900,2700,3.9,2024,2023-12-01
14011,Napa County,County,2024,January,01/2024,N,Final,71100,68000,3100,4.4,2024,2024-01-01
14012,Napa County,County,2024,February,02/2024,N,Final,72800,69700,3100,4.3,2024,2024-02-01
14013,Napa County,County,2024,March,03/2024,N,Final,73200,70300,2900,4.0,2024,2024-03-01
14014,Napa County,County,2024,April,04/2024,N,Final,72800,70200,2600,3.6,2024,2024-04-01
14015,Napa County,County,2024,May,05/2024,N,Final,75500,73100,2400,3.1,2024,2024-05-01
14016,Napa County,County,2024,June,06/2024,N,Final,76000,73200,2900,3.8,2024,2024-06-01
14017,Napa County,County,2024,July,07/2024,N,Final,76300,73200,3100,4.0,2024,2024-07-01
14018,Napa County,County,2024,August,08/2024,N,Final,75800,72700,3100,4.1,2024,2024-08-01
14019,Napa County,County,2024,September,09/2024,N,Final,76400,73600,2800,3.7,2024,2024-09-01
14020,Napa County,County,2024,October,10/2024,N,Final,75700,72800,2900,3.8,2024,2024-10-01
14021,Napa County,County,2024,November,11/2024,N,Final,74000,70900,3100,4.1,2024,2024-11-01
14022,Napa County,County,2024,December,12/2024,N,Final,73800,70700,3000,4.1,2024,2024-12-01
14023,Napa County,County,2025,January,01/2025,N,Final,75100,71700,3400,4.5,2024,2025-01-01
14024,Napa County,County,2025,February,02/2025,N,Final,76200,73000,3300,4.3,2024,2025-02-01
14025,Napa County,County,2025,March,03/2025,N,Final,77000,73800,3200,4.1,2024,2025-03-01
14026,Napa County,County,2025,April,04/2025,N,Final,76500,73600,3000,3.9,2024,2025-04-01
14027,Napa County,County,2025,May,05/2025,N,Final,78800,76100,2700,3.5,2024,2025-05-01
14028,Napa County,County,2025,June,06/2025,N,Final,78800,75500,3300,4.2,2024,2025-06-01
14029,Napa County,County,2025,July,07/2025,N,Final,78900,75500,3500,4.4,2024,2025-07-01
14030,Napa County,County,2025,August,08/2025,N,Final,78000,74700,3300,4.3,2024,2025-08-01
14031,Napa County,County,2025,September,09/2025,N,Final,78600,75400,3200,4.1,2024,2025-09-01
14032,Napa County,County,2025,November,11/2025,N,Final,76400,73200,3200,4.2,2024,2025-11-01
14033,Napa County,County,2025,December,12/2025,N,Preliminary,75200,72000,3200,4.3,2024,2025-12-01
18274,San Francisco County,County,2020,February,02/2020,N,Final,545200,532100,13000,2.4,2024,2020-02-01
18275,San Francisco County,County,2020,March,03/2020,N,Final,536300,516300,20000,3.7,2024,2020-03-01
18276,San Francisco County,County,2020,April,04/2020,N,Final,519000,446000,73000,14.1,2024,2020-04-01
18277,San Francisco County,County,2020,May,05/2020,N,Final,511000,440100,70900,13.9,2024,2020-05-01
18278,San Francisco County,County,2020,June,06/2020,N,Final,521900,455700,66200,12.7,2024,2020-06-01
18279,San Francisco County,County,2020,July,07/2020,N,Final,521400,460100,61300,11.8,2024,2020-07-01
18280,San Francisco County,County,2020,August,08/2020,N,Final,514300,463900,50500,9.8,2024,2020-08-01
18281,San Francisco County,County,2020,September,09/2020,N,Final,511500,463200,48300,9.5,2024,2020-09-01
18282,San Francisco County,County,2020,October,10/2020,N,Final,504500,463900,40600,8.0,2024,2020-10-01
18283,San Francisco County,County,2020,November,11/2020,N,Final,499200,462000,37200,7.4,2024,2020-11-01
18284,San Francisco County,County,2020,December,12/2020,N,Final,499700,464000,35600,7.1,2024,2020-12-01
18285,San Francisco County,County,2021,January,01/2021,N,Final,486000,451500,34500,7.1,2024,2021-01-01
18286,San Francisco County,County,2021,February,02/2021,N,Final,488100,455600,32600,6.7,2024,2021-02-01
18287,San Francisco County,County,2021,March,03/2021,N,Final,489600,458400,31200,6.4,2024,2021-03-01
18288,San Francisco County,County,2021,April,04/2021,N,Final,487100,455800,31300,6.4,2024,2021-04-01
18289,San Francisco County,County,2021,May,05/2021,N,Final,489200,460600,28600,5.8,2024,2021-05-01
18290,San Francisco County,County,2021,June,06/2021,N,Final,494100,462600,31500,6.4,2024,2021-06-01
18291,San Francisco County,County,2021,July,07/2021,N,Final,501800,472700,29100,5.8,2024,2021-07-01
18292,San Francisco County,County,2021,August,08/2021,N,Final,502200,474800,27400,5.5,2024,2021-08-01
18293,San Francisco County,County,2021,September,09/2021,N,Final,503600,480800,22900,4.5,2024,2021-09-01
18294,San Francisco County,County,2021,October,10/2021,N,Final,505700,484100,21600,4.3,2024,2021-10-01
18295,San Francisco County,County,2021,November,11/2021,N,Final,507200,487900,19300,3.8,2024,2021-11-01
18296,San Francisco County,County,2021,December,12/2021,N,Final,510100,492800,17300,3.4,2024,2021-12-01
18297,San Francisco County,County,2022,January,01/2022,N,Final,512100,492600,19500,3.8,2024,2022-01-01
18298,San Francisco County,County,2022,February,02/2022,N,Final,514600,497400,17200,3.3,2024,2022-02-01
18299,San Francisco County,County,2022,March,03/2022,N,Final,516900,501700,15200,2.9,2024,2022-03-01
18300,San Francisco County,County,2022,April,04/2022,N,Final,511500,498500,13000,2.5,2024,2022-04-01
18301,San Francisco County,County,2022,May,05/2022,N,Final,515200,503500,11800,2.3,2024,2022-05-01
18302,San Francisco County,County,2022,June,06/2022,N,Final,518000,504100,13900,2.7,2024,2022-06-01
18303,San Francisco County,County,2022,July,07/2022,N,Final,521100,507300,13700,2.6,2024,2022-07-01
18304,San Francisco County,County,2022,August,08/2022,N,Final,519900,505400,14500,2.8,2024,2022-08-01
18305,San Francisco County,County,2022,September,09/2022,N,Final,519700,506900,12800,2.5,2024,2022-09-01
18306,San Francisco County,County,2022,October,10/2022,N,Final,518500,505000,13500,2.6,2024,2022-10-01
18307,San Francisco County,County,2022,November,11/2022,N,Final,519300,505600,13700,2.6,2024,2022-11-01
18308,San Francisco County,County,2022,December,12/2022,N,Final,518900,506100,12800,2.5,2024,2022-12-01
18309,San Francisco County,County,2023,January,01/2023,N,Final,519500,503700,15700,3.0,2024,2023-01-01
18310,San Francisco County,County,2023,February,02/2023,N,Final,522000,505700,16300,3.1,2024,2023-02-01
18311,San Francisco County,County,2023,March,03/2023,N,Final,524100,507900,16200,3.1,2024,2023-03-01
18312,San Francisco County,County,2023,April,04/2023,N,Final,516700,502100,14600,2.8,2024,2023-04-01
18313,San Francisco County,County,2023,May,05/2023,N,Final,515800,500000,15700,3.0,2024,2023-05-01
18314,San Francisco County,County,2023,June,06/2023,N,Final,514400,496700,17700,3.4,2024,2023-06-01
18315,San Francisco County,County,2023,July,07/2023,N,Final,519300,500600,18700,3.6,2024,2023-07-01
18316,San Francisco County,County,2023,August,08/2023,N,Final,516900,496400,20400,4.0,2024,2023-08-01
18317,San Francisco County,County,2023,September,09/2023,N,Final,516500,497500,19000,3.7,2024,2023-09-01
18318,San Francisco County,County,2023,October,10/2023,N,Final,514100,494500,19600,3.8,2024,2023-10-01
18319,San Francisco County,County,2023,November,11/2023,N,Final,515100,495900,19200,3.7,2024,2023-11-01
18320,San Francisco County,County,2023,December,12/2023,N,Final,512100,493500,18700,3.6,2024,2023-12-01
18321,San Francisco County,County,2024,January,01/2024,N,Final,510100,489500,20500,4.0,2024,2024-01-01
18322,San Francisco County,County,2024,February,02/2024,N,Final,512200,492400,19900,3.9,2024,2024-02-01
18323,San Francisco County,County,2024,March,03/2024,N,Final,513800,494300,19500,3.8,2024,2024-03-01
18324,San Francisco County,County,2024,April,04/2024,N,Final,506300,488500,17800,3.5,2024,2024-04-01
18325,San Francisco County,County,2024,May,05/2024,N,Final,506400,489300,17100,3.4,2024,2024-05-01
18326,San Francisco County,County,2024,June,06/2024,N,Final,507900,488100,19800,3.9,2024,2024-06-01
18327,San Francisco County,County,2024,July,07/2024,N,Final,513900,491900,22000,4.3,2024,2024-07-01
18328,San Francisco County,County,2024,August,08/2024,N,Final,511100,488800,22300,4.4,2024,2024-08-01
18329,San Francisco County,County,2024,September,09/2024,N,Final,512800,493200,19600,3.8,2024,2024-09-01
18330,San Francisco County,County,2024,October,10/2024,N,Final,511700,491700,20000,3.9,2024,2024-10-01
18331,San Francisco County,County,2024,November,11/2024,N,Final,509200,488900,20200,4.0,2024,2024-11-01
18332,San Francisco County,County,2024,December,12/2024,N,Final,509200,490300,19000,3.7,2024,2024-12-01
18333,San Francisco County,County,2025,January,01/2025,N,Final,509900,489200,20700,4.1,2024,2025-01-01
18334,San Francisco County,County,2025,February,02/2025,N,Final,511800,491900,19800,3.9,2024,2025-02-01
18335,San Francisco County,County,2025,March,03/2025,N,Final,515700,496200,19500,3.8,2024,2025-03-01
18336,San Francisco County,County,2025,April,04/2025,N,Final,511400,492900,18500,3.6,2024,2025-04-01
18337,San Francisco County,County,2025,May,05/2025,N,Final,511200,492700,18500,3.6,2024,2025-05-01
18338,San Francisco County,County,2025,June,06/2025,N,Final,510200,488600,21600,4.2,2024,2025-06-01
18339,San Francisco County,County,2025,July,07/2025,N,Final,514500,491700,22800,4.4,2024,2025-07-01
18340,San Francisco County,County,2025,August,08/2025,N,Final,515100,492800,22400,4.3,2024,2025-08-01
18341,San Francisco County,County,2025,September,09/2025,N,Final,515300,493800,21500,4.2,2024,2025-09-01
18342,San Francisco County,County,2025,November,11/2025,N,Final,514800,494400,20400,4.0,2024,2025-11-01
18343,San Francisco County,County,2025,December,12/2025,N,Preliminary,512700,493500,19200,3.8,2024,2025-12-01
19567,San Mateo County,County,2020,February,02/2020,N,Final,435300,425700,9600,2.2,2024,2020-02-01
19568,San Mateo County,County,2020,March,03/2020,N,Final,427200,412900,14300,3.3,2024,2020-03-01
19569,San Mateo County,County,2020,April,04/2020,N,Final,408000,356800,51200,12.5,2024,2020-04-01
19570,San Mateo County,County,2020,May,05/2020,N,Final,400600,352100,48500,12.1,2024,2020-05-01
19571,San Mateo County,County,2020,June,06/2020,N,Final,409400,364600,44800,10.9,2024,2020-06-01
19572,San Mateo County,County,2020,July,07/2020,N,Final,408600,368100,40500,9.9,2024,2020-07-01
19573,San Mateo County,County,2020,August,08/2020,N,Final,404700,371100,33600,8.3,2024,2020-08-01
19574,San Mateo County,County,2020,September,09/2020,N,Final,402600,370600,32000,8.0,2024,2020-09-01
19575,San Mateo County,County,2020,October,10/2020,N,Final,398700,371200,27500,6.9,2024,2020-10-01
19576,San Mateo County,County,2020,November,11/2020,N,Final,395700,369600,26000,6.6,2024,2020-11-01
19577,San Mateo County,County,2020,December,12/2020,N,Final,396400,371300,25100,6.3,2024,2020-12-01
19578,San Mateo County,County,2021,January,01/2021,N,Final,400400,375500,24900,6.2,2024,2021-01-01
19579,San Mateo County,County,2021,February,02/2021,N,Final,402700,378900,23800,5.9,2024,2021-02-01
19580,San Mateo County,County,2021,March,03/2021,N,Final,403900,381200,22700,5.6,2024,2021-03-01
19581,San Mateo County,County,2021,April,04/2021,N,Final,401400,379100,22400,5.6,2024,2021-04-01
19582,San Mateo County,County,2021,May,05/2021,N,Final,403500,383100,20400,5.1,2024,2021-05-01
19583,San Mateo County,County,2021,June,06/2021,N,Final,407300,384700,22600,5.5,2024,2021-06-01
19584,San Mateo County,County,2021,July,07/2021,N,Final,414300,393100,21200,5.1,2024,2021-07-01
19585,San Mateo County,County,2021,August,08/2021,N,Final,415000,394800,20200,4.9,2024,2021-08-01
19586,San Mateo County,County,2021,September,09/2021,N,Final,416600,399700,16900,4.1,2024,2021-09-01
19587,San Mateo County,County,2021,October,10/2021,N,Final,418600,402500,16100,3.8,2024,2021-10-01
19588,San Mateo County,County,2021,November,11/2021,N,Final,420000,405700,14300,3.4,2024,2021-11-01
19589,San Mateo County,County,2021,December,12/2021,N,Final,422800,409800,13000,3.1,2024,2021-12-01
19590,San Mateo County,County,2022,January,01/2022,N,Final,420500,406100,14400,3.4,2024,2022-01-01
19591,San Mateo County,County,2022,February,02/2022,N,Final,423000,410100,12900,3.0,2024,2022-02-01
19592,San Mateo County,County,2022,March,03/2022,N,Final,425100,413600,11500,2.7,2024,2022-03-01
19593,San Mateo County,County,2022,April,04/2022,N,Final,420900,411000,9900,2.4,2024,2022-04-01
19594,San Mateo County,County,2022,May,05/2022,N,Final,424000,415000,9000,2.1,2024,2022-05-01
19595,San Mateo County,County,2022,June,06/2022,N,Final,426400,415600,10900,2.5,2024,2022-06-01
19596,San Mateo County,County,2022,July,07/2022,N,Final,428800,418300,10600,2.5,2024,2022-07-01
19597,San Mateo County,County,2022,August,08/2022,N,Final,427700,416600,11100,2.6,2024,2022-08-01
19598,San Mateo County,County,2022,September,09/2022,N,Final,427700,417800,9900,2.3,2024,2022-09-01
19599,San Mateo County,County,2022,October,10/2022,N,Final,426600,416300,10300,2.4,2024,2022-10-01
19600,San Mateo County,County,2022,November,11/2022,N,Final,427400,416800,10600,2.5,2024,2022-11-01
19601,San Mateo County,County,2022,December,12/2022,N,Final,426900,417200,9700,2.3,2024,2022-12-01
19602,San Mateo County,County,2023,January,01/2023,N,Final,424800,413000,11800,2.8,2024,2023-01-01
19603,San Mateo County,County,2023,February,02/2023,N,Final,427000,414700,12300,2.9,2024,2023-02-01
19604,San Mateo County,County,2023,March,03/2023,N,Final,428500,416500,12000,2.8,2024,2023-03-01
19605,San Mateo County,County,2023,April,04/2023,N,Final,422500,411700,10800,2.6,2024,2023-04-01
19606,San Mateo County,County,2023,May,05/2023,N,Final,421500,410000,11400,2.7,2024,2023-05-01
19607,San Mateo County,County,2023,June,06/2023,N,Final,420600,407300,13300,3.2,2024,2023-06-01
19608,San Mateo County,County,2023,July,07/2023,N,Final,424200,410500,13700,3.2,2024,2023-07-01
19609,San Mateo County,County,2023,August,08/2023,N,Final,422200,407100,15100,3.6,2024,2023-08-01
19610,San Mateo County,County,2023,September,09/2023,N,Final,422200,407900,14300,3.4,2024,2023-09-01
19611,San Mateo County,County,2023,October,10/2023,N,Final,420000,405500,14500,3.4,2024,2023-10-01
19612,San Mateo County,County,2023,November,11/2023,N,Final,420900,406700,14200,3.4,2024,2023-11-01
19613,San Mateo County,County,2023,December,12/2023,N,Final,418400,404700,13800,3.3,2024,2023-12-01
19614,San Mateo County,County,2024,January,01/2024,N,Final,416600,401400,15200,3.7,2024,2024-01-01
19615,San Mateo County,County,2024,February,02/2024,N,Final,418800,403700,15200,3.6,2024,2024-02-01
19616,San Mateo County,County,2024,March,03/2024,N,Final,419800,405200,14600,3.5,2024,2024-03-01
19617,San Mateo County,County,2024,April,04/2024,N,Final,413900,400500,13400,3.2,2024,2024-04-01
19618,San Mateo County,County,2024,May,05/2024,N,Final,414000,401100,12800,3.1,2024,2024-05-01
19619,San Mateo County,County,2024,June,06/2024,N,Final,415600,400100,15500,3.7,2024,2024-06-01
19620,San Mateo County,County,2024,July,07/2024,N,Final,420200,403300,16900,4.0,2024,2024-07-01
19621,San Mateo County,County,2024,August,08/2024,N,Final,417900,400700,17200,4.1,2024,2024-08-01
19622,San Mateo County,County,2024,September,09/2024,N,Final,419500,404400,15200,3.6,2024,2024-09-01
19623,San Mateo County,County,2024,October,10/2024,N,Final,418700,403200,15500,3.7,2024,2024-10-01
19624,San Mateo County,County,2024,November,11/2024,N,Final,416500,400900,15700,3.8,2024,2024-11-01
19625,San Mateo County,County,2024,December,12/2024,N,Final,416500,402000,14500,3.5,2024,2024-12-01
19626,San Mateo County,County,2025,January,01/2025,N,Final,417000,401100,15900,3.8,2024,2025-01-01
19627,San Mateo County,County,2025,February,02/2025,N,Final,418800,403400,15400,3.7,2024,2025-02-01
19628,San Mateo County,County,2025,March,03/2025,N,Final,421900,406800,15000,3.6,2024,2025-03-01
19629,San Mateo County,County,2025,April,04/2025,N,Final,418600,404100,14500,3.5,2024,2025-04-01
19630,San Mateo County,County,2025,May,05/2025,N,Final,418100,403900,14200,3.4,2024,2025-05-01
19631,San Mateo County,County,2025,June,06/2025,N,Final,417900,400700,17300,4.1,2024,2025-06-01
19632,San Mateo County,County,2025,July,07/2025,N,Final,421400,403200,18200,4.3,2024,2025-07-01
19633,San Mateo County,County,2025,August,08/2025,N,Final,421600,404000,17600,4.2,2024,2025-08-01
19634,San Mateo County,County,2025,September,09/2025,N,Final,421900,404900,17000,4.0,2024,2025-09-01
19635,San Mateo County,County,2025,November,11/2025,N,Final,421400,405400,16000,3.8,2024,2025-11-01
19636,San Mateo County,County,2025,December,12/2025,N,Preliminary,419600,404700,14900,3.5,2024,2025-12-01
20429,Santa Clara County,County,2020,February,02/2020,N,Final,1040700,1013700,27100,2.6,2024,2020-02-01
20430,Santa Clara County,County,2020,March,03/2020,N,Final,1023100,983600,39500,3.9,2024,2020-03-01
20431,Santa Clara County,County,2020,April,04/2020,N,Final,994600,869800,124900,12.6,2024,2020-04-01
20432,Santa Clara County,County,2020,May,05/2020,N,Final,981800,866600,115200,11.7,2024,2020-05-01
20433,Santa Clara County,County,2020,June,06/2020,N,Final,1005200,900700,104500,10.4,2024,2020-06-01
20434,Santa Clara County,County,2020,July,07/2020,N,Final,1005600,909900,95700,9.5,2024,2020-07-01
20435,Santa Clara County,County,2020,August,08/2020,N,Final,998300,919800,78500,7.9,2024,2020-08-01
20436,Santa Clara County,County,2020,September,09/2020,N,Final,993000,918800,74200,7.5,2024,2020-09-01
20437,Santa Clara County,County,2020,October,10/2020,N,Final,986400,922000,64400,6.5,2024,2020-10-01
20438,Santa Clara County,County,2020,November,11/2020,N,Final,981500,919900,61600,6.3,2024,2020-11-01
20439,Santa Clara County,County,2020,December,12/2020,N,Final,981800,920800,61000,6.2,2024,2020-12-01
20440,Santa Clara County,County,2021,January,01/2021,N,Final,976600,916300,60300,6.2,2024,2021-01-01
20441,Santa Clara County,County,2021,February,02/2021,N,Final,982400,923800,58500,6.0,2024,2021-02-01
20442,Santa Clara County,County,2021,March,03/2021,N,Final,982700,926800,55800,5.7,2024,2021-03-01
20443,Santa Clara County,County,2021,April,04/2021,N,Final,975600,921300,54200,5.6,2024,2021-04-01
20444,Santa Clara County,County,2021,May,05/2021,N,Final,978200,928800,49500,5.1,2024,2021-05-01
20445,Santa Clara County,County,2021,June,06/2021,N,Final,984300,929100,55200,5.6,2024,2021-06-01
20446,Santa Clara County,County,2021,July,07/2021,N,Final,994500,942400,52000,5.2,2024,2021-07-01
20447,Santa Clara County,County,2021,August,08/2021,N,Final,993400,943700,49700,5.0,2024,2021-08-01
20448,Santa Clara County,County,2021,September,09/2021,N,Final,993800,952300,41500,4.2,2024,2021-09-01
20449,Santa Clara County,County,2021,October,10/2021,N,Final,992300,952500,39700,4.0,2024,2021-10-01
20450,Santa Clara County,County,2021,November,11/2021,N,Final,996200,960600,35600,3.6,2024,2021-11-01
20451,Santa Clara County,County,2021,December,12/2021,N,Final,997700,965500,32200,3.2,2024,2021-12-01
20452,Santa Clara County,County,2022,January,01/2022,N,Final,997800,961600,36200,3.6,2024,2022-01-01
20453,Santa Clara County,County,2022,February,02/2022,N,Final,1002500,969700,32700,3.3,2024,2022-02-01
20454,Santa Clara County,County,2022,March,03/2022,N,Final,1006700,977400,29300,2.9,2024,2022-03-01
20455,Santa Clara County,County,2022,April,04/2022,N,Final,997500,972100,25500,2.6,2024,2022-04-01
20456,Santa Clara County,County,2022,May,05/2022,N,Final,1003400,980400,23100,2.3,2024,2022-05-01
20457,Santa Clara County,County,2022,June,06/2022,N,Final,1006200,977900,28200,2.8,2024,2022-06-01
20458,Santa Clara County,County,2022,July,07/2022,N,Final,1014100,986400,27700,2.7,2024,2022-07-01
20459,Santa Clara County,County,2022,August,08/2022,N,Final,1015100,986400,28700,2.8,2024,2022-08-01
20460,Santa Clara County,County,2022,September,09/2022,N,Final,1015200,989700,25600,2.5,2024,2022-09-01
20461,Santa Clara County,County,2022,October,10/2022,N,Final,1018200,991300,26800,2.6,2024,2022-10-01
20462,Santa Clara County,County,2022,November,11/2022,N,Final,1017400,989800,27600,2.7,2024,2022-11-01
20463,Santa Clara County,County,2022,December,12/2022,N,Final,1016400,991200,25200,2.5,2024,2022-12-01
20464,Santa Clara County,County,2023,January,01/2023,N,Final,1017400,986400,31100,3.1,2024,2023-01-01
20465,Santa Clara County,County,2023,February,02/2023,N,Final,1025100,992400,32700,3.2,2024,2023-02-01
20466,Santa Clara County,County,2023,March,03/2023,N,Final,1028600,996000,32600,3.2,2024,2023-03-01
20467,Santa Clara County,County,2023,April,04/2023,N,Final,1015900,986000,29900,2.9,2024,2023-04-01
20468,Santa Clara County,County,2023,May,05/2023,N,Final,1014800,983100,31700,3.1,2024,2023-05-01
20469,Santa Clara County,County,2023,June,06/2023,N,Final,1014300,977000,37300,3.7,2024,2023-06-01
20470,Santa Clara County,County,2023,July,07/2023,N,Final,1027100,989100,38100,3.7,2024,2023-07-01
20471,Santa Clara County,County,2023,August,08/2023,N,Final,1027300,985600,41800,4.1,2024,2023-08-01
20472,Santa Clara County,County,2023,September,09/2023,N,Final,1026600,987000,39600,3.9,2024,2023-09-01
20473,Santa Clara County,County,2023,October,10/2023,N,Final,1024500,983900,40700,4.0,2024,2023-10-01
20474,Santa Clara County,County,2023,November,11/2023,N,Final,1024000,984200,39800,3.9,2024,2023-11-01
20475,Santa Clara County,County,2023,December,12/2023,N,Final,1017400,978500,38900,3.8,2024,2023-12-01
20476,Santa Clara County,County,2024,January,01/2024,N,Final,1019300,976700,42600,4.2,2024,2024-01-01
20477,Santa Clara County,County,2024,February,02/2024,N,Final,1023800,981000,42800,4.2,2024,2024-02-01
20478,Santa Clara County,County,2024,March,03/2024,N,Final,1025100,983900,41200,4.0,2024,2024-03-01
20479,Santa Clara County,County,2024,April,04/2024,N,Final,1014800,977000,37800,3.7,2024,2024-04-01
20480,Santa Clara County,County,2024,May,05/2024,N,Final,1014400,978200,36200,3.6,2024,2024-05-01
20481,Santa Clara County,County,2024,June,06/2024,N,Final,1021100,977300,43800,4.3,2024,2024-06-01
20482,Santa Clara County,County,2024,July,07/2024,N,Final,1031700,984400,47300,4.6,2024,2024-07-01
20483,Santa Clara County,County,2024,August,08/2024,N,Final,1028500,981200,47300,4.6,2024,2024-08-01
20484,Santa Clara County,County,2024,September,09/2024,N,Final,1027200,985000,42200,4.1,2024,2024-09-01
20485,Santa Clara County,County,2024,October,10/2024,N,Final,1027300,984300,43000,4.2,2024,2024-10-01
20486,Santa Clara County,County,2024,November,11/2024,N,Final,1023500,980500,43000,4.2,2024,2024-11-01
20487,Santa Clara County,County,2024,December,12/2024,N,Final,1021300,981400,39800,3.9,2024,2024-12-01
20488,Santa Clara County,County,2025,January,01/2025,N,Final,1024100,980700,43500,4.2,2024,2025-01-01
20489,Santa Clara County,County,2025,February,02/2025,N,Final,1026600,984200,42400,4.1,2024,2025-02-01
20490,Santa Clara County,County,2025,March,03/2025,N,Final,1035200,994000,41200,4.0,2024,2025-03-01
20491,Santa Clara County,County,2025,April,04/2025,N,Final,1028600,989000,39700,3.9,2024,2025-04-01
20492,Santa Clara County,County,2025,May,05/2025,N,Final,1027800,988900,39000,3.8,2024,2025-05-01
20493,Santa Clara County,County,2025,June,06/2025,N,Final,1029600,982100,47600,4.6,2024,2025-06-01
20494,Santa Clara County,County,2025,July,07/2025,N,Final,1035400,985400,50000,4.8,2024,2025-07-01
20495,Santa Clara County,County,2025,August,08/2025,N,Final,1038300,990200,48100,4.6,2024,2025-08-01
20496,Santa Clara County,County,2025,September,09/2025,N,Final,1036800,990200,46500,4.5,2024,2025-09-01
20497,Santa Clara County,County,2025,November,11/2025,N,Final,1032800,989000,43800,4.2,2024,2025-11-01
20498,Santa Clara County,County,2025,December,12/2025,N,Preliminary,1031500,990600,40800,4.0,2024,2025-12-01
22584,Solano County,County,2020,February,02/2020,N,Final,216600,208400,8200,3.8,2024,2020-02-01
22585,Solano County,County,2020,March,03/2020,N,Final,214900,203000,12000,5.6,2024,2020-03-01
22586,Solano County,County,2020,April,04/2020,N,Final,208700,176500,32200,15.4,2024,2020-04-01
22587,Solano County,County,2020,May,05/2020,N,Final,204800,175400,29300,14.3,2024,2020-05-01
22588,Solano County,County,2020,June,06/2020,N,Final,210800,184800,26100,12.4,2024,2020-06-01
22589,Solano County,County,2020,July,07/2020,N,Final,211400,186600,24800,11.7,2024,2020-07-01
22590,Solano County,County,2020,August,08/2020,N,Final,209000,187900,21000,10.1,2024,2020-08-01
22591,Solano County,County,2020,September,09/2020,N,Final,208100,187800,20200,9.7,2024,2020-09-01
22592,Solano County,County,2020,October,10/2020,N,Final,207200,189100,18100,8.7,2024,2020-10-01
22593,Solano County,County,2020,November,11/2020,N,Final,206300,188500,17700,8.6,2024,2020-11-01
22594,Solano County,County,2020,December,12/2020,N,Final,206400,188500,18000,8.7,2024,2020-12-01
22595,Solano County,County,2021,January,01/2021,N,Final,206300,187900,18400,8.9,2024,2021-01-01
22596,Solano County,County,2021,February,02/2021,N,Final,206500,188600,17900,8.7,2024,2021-02-01
22597,Solano County,County,2021,March,03/2021,N,Final,207100,190000,17100,8.3,2024,2021-03-01
22598,Solano County,County,2021,April,04/2021,N,Final,206500,190000,16600,8.0,2024,2021-04-01
22599,Solano County,County,2021,May,05/2021,N,Final,206700,191500,15200,7.3,2024,2021-05-01
22600,Solano County,County,2021,June,06/2021,N,Final,208800,191900,16900,8.1,2024,2021-06-01
22601,Solano County,County,2021,July,07/2021,N,Final,209600,193700,15900,7.6,2024,2021-07-01
22602,Solano County,County,2021,August,08/2021,N,Final,209200,194100,15100,7.2,2024,2021-08-01
22603,Solano County,County,2021,September,09/2021,N,Final,209200,196300,12900,6.2,2024,2021-09-01
22604,Solano County,County,2021,October,10/2021,N,Final,209500,197200,12300,5.9,2024,2021-10-01
22605,Solano County,County,2021,November,11/2021,N,Final,209700,198400,11300,5.4,2024,2021-11-01
22606,Solano County,County,2021,December,12/2021,N,Final,209000,198500,10500,5.0,2024,2021-12-01
22607,Solano County,County,2022,January,01/2022,N,Final,208900,197100,11800,5.7,2024,2022-01-01
22608,Solano County,County,2022,February,02/2022,N,Final,209900,199400,10500,5.0,2024,2022-02-01
22609,Solano County,County,2022,March,03/2022,N,Final,210700,201400,9300,4.4,2024,2022-03-01
22610,Solano County,County,2022,April,04/2022,N,Final,208100,200100,8100,3.9,2024,2022-04-01
22611,Solano County,County,2022,May,05/2022,N,Final,209400,202200,7200,3.4,2024,2022-05-01
22612,Solano County,County,2022,June,06/2022,N,Final,209700,201400,8300,3.9,2024,2022-06-01
22613,Solano County,County,2022,July,07/2022,N,Final,210800,202600,8200,3.9,2024,2022-07-01
22614,Solano County,County,2022,August,08/2022,N,Final,210500,202000,8500,4.0,2024,2022-08-01
22615,Solano County,County,2022,September,09/2022,N,Final,210600,203000,7600,3.6,2024,2022-09-01
22616,Solano County,County,2022,October,10/2022,N,Final,209400,201300,8000,3.8,2024,2022-10-01
22617,Solano County,County,2022,November,11/2022,N,Final,208700,200300,8400,4.0,2024,2022-11-01
22618,Solano County,County,2022,December,12/2022,N,Final,209400,201400,8000,3.8,2024,2022-12-01
22619,Solano County,County,2023,January,01/2023,N,Final,209300,199600,9600,4.6,2024,2023-01-01
22620,Solano County,County,2023,February,02/2023,N,Final,212600,202900,9700,4.6,2024,2023-02-01
22621,Solano County,County,2023,March,03/2023,N,Final,212600,203000,9600,4.5,2024,2023-03-01
22622,Solano County,County,2023,April,04/2023,N,Final,210600,202400,8200,3.9,2024,2023-04-01
22623,Solano County,County,2023,May,05/2023,N,Final,211600,203400,8200,3.9,2024,2023-05-01
22624,Solano County,County,2023,June,06/2023,N,Final,212400,203200,9200,4.3,2024,2023-06-01
22625,Solano County,County,2023,July,07/2023,N,Final,214800,205400,9400,4.4,2024,2023-07-01
22626,Solano County,County,2023,August,08/2023,N,Final,215900,205800,10100,4.7,2024,2023-08-01
22627,Solano County,County,2023,September,09/2023,N,Final,217300,207800,9400,4.3,2024,2023-09-01
22628,Solano County,County,2023,October,10/2023,N,Final,216900,207200,9700,4.5,2024,2023-10-01
22629,Solano County,County,2023,November,11/2023,N,Final,217100,207400,9700,4.5,2024,2023-11-01
22630,Solano County,County,2023,December,12/2023,N,Final,216700,206800,9900,4.6,2024,2023-12-01
22631,Solano County,County,2024,January,01/2024,N,Final,215000,204000,11000,5.1,2024,2024-01-01
22632,Solano County,County,2024,February,02/2024,N,Final,216300,205200,11100,5.1,2024,2024-02-01
22633,Solano County,County,2024,March,03/2024,N,Final,217700,207000,10700,4.9,2024,2024-03-01
22634,Solano County,County,2024,April,04/2024,N,Final,215200,205500,9700,4.5,2024,2024-04-01
22635,Solano County,County,2024,May,05/2024,N,Final,215100,205800,9300,4.3,2024,2024-05-01
22636,Solano County,County,2024,June,06/2024,N,Final,216300,205400,10900,5.0,2024,2024-06-01
22637,Solano County,County,2024,July,07/2024,N,Final,217300,205500,11800,5.4,2024,2024-07-01
22638,Solano County,County,2024,August,08/2024,N,Final,217100,205300,11800,5.4,2024,2024-08-01
22639,Solano County,County,2024,September,09/2024,N,Final,217700,207200,10600,4.9,2024,2024-09-01
22640,Solano County,County,2024,October,10/2024,N,Final,216600,205800,10800,5.0,2024,2024-10-01
22641,Solano County,County,2024,November,11/2024,N,Final,216300,205200,11100,5.1,2024,2024-11-01
22642,Solano County,County,2024,December,12/2024,N,Final,215600,205000,10600,4.9,2024,2024-12-01
22643,Solano County,County,2025,January,01/2025,N,Final,217300,205600,11700,5.4,2024,2025-01-01
22644,Solano County,County,2025,February,02/2025,N,Final,217900,206600,11300,5.2,2024,2025-02-01
22645,Solano County,County,2025,March,03/2025,N,Final,219300,208100,11200,5.1,2024,2025-03-01
22646,Solano County,County,2025,April,04/2025,N,Final,217900,207300,10600,4.9,2024,2025-04-01
22647,Solano County,County,2025,May,05/2025,N,Final,217600,207300,10300,4.7,2024,2025-05-01
22648,Solano County,County,2025,June,06/2025,N,Final,217100,204900,12200,5.6,2024,2025-06-01
22649,Solano County,County,2025,July,07/2025,N,Final,217100,204200,12900,5.9,2024,2025-07-01
22650,Solano County,County,2025,August,08/2025,N,Final,217500,204900,12600,5.8,2024,2025-08-01
22651,Solano County,County,2025,September,09/2025,N,Final,218700,206600,12200,5.6,2024,2025-09-01
22652,Solano County,County,2025,November,11/2025,N,Final,217200,205500,11700,5.4,2024,2025-11-01
22653,Solano County,County,2025,December,12/2025,N,Preliminary,215900,204700,11200,5.2,2024,2025-12-01
23015,Sonoma County,County,2020,February,02/2020,N,Final,255900,248700,7200,2.8,2024,2020-02-01
23016,Sonoma County,County,2020,March,03/2020,N,Final,252400,241800,10600,4.2,2024,2020-03-01
23017,Sonoma County,County,2020,April,04/2020,N,Final,240600,202700,37800,15.7,2024,2020-04-01
23018,Sonoma County,County,2020,May,05/2020,N,Final,236700,204000,32700,13.8,2024,2020-05-01
23019,Sonoma County,County,2020,June,06/2020,N,Final,244600,216700,27900,11.4,2024,2020-06-01
23020,Sonoma County,County,2020,July,07/2020,N,Final,243900,219100,24800,10.2,2024,2020-07-01
23021,Sonoma County,County,2020,August,08/2020,N,Final,242500,222300,20200,8.3,2024,2020-08-01
23022,Sonoma County,County,2020,September,09/2020,N,Final,242000,223100,18900,7.8,2024,2020-09-01
23023,Sonoma County,County,2020,October,10/2020,N,Final,238600,222100,16500,6.9,2024,2020-10-01
23024,Sonoma County,County,2020,November,11/2020,N,Final,236100,220100,16000,6.8,2024,2020-11-01
23025,Sonoma County,County,2020,December,12/2020,N,Final,236500,220600,16000,6.8,2024,2020-12-01
23026,Sonoma County,County,2021,January,01/2021,N,Final,235200,217500,17800,7.5,2024,2021-01-01
23027,Sonoma County,County,2021,February,02/2021,N,Final,237900,221400,16500,6.9,2024,2021-02-01
23028,Sonoma County,County,2021,March,03/2021,N,Final,239300,223700,15600,6.5,2024,2021-03-01
23029,Sonoma County,County,2021,April,04/2021,N,Final,238200,223300,14800,6.2,2024,2021-04-01
23030,Sonoma County,County,2021,May,05/2021,N,Final,239500,226100,13400,5.6,2024,2021-05-01
23031,Sonoma County,County,2021,June,06/2021,N,Final,240600,225600,15000,6.2,2024,2021-06-01
23032,Sonoma County,County,2021,July,07/2021,N,Final,243500,229400,14100,5.8,2024,2021-07-01
23033,Sonoma County,County,2021,August,08/2021,N,Final,243900,230500,13400,5.5,2024,2021-08-01
23034,Sonoma County,County,2021,September,09/2021,N,Final,245500,234200,11300,4.6,2024,2021-09-01
23035,Sonoma County,County,2021,October,10/2021,N,Final,243400,232600,10800,4.4,2024,2021-10-01
23036,Sonoma County,County,2021,November,11/2021,N,Final,242200,232300,9800,4.1,2024,2021-11-01
23037,Sonoma County,County,2021,December,12/2021,N,Final,241900,232900,9100,3.8,2024,2021-12-01
23038,Sonoma County,County,2022,January,01/2022,N,Final,241300,230800,10500,4.3,2024,2022-01-01
23039,Sonoma County,County,2022,February,02/2022,N,Final,243300,234100,9200,3.8,2024,2022-02-01
23040,Sonoma County,County,2022,March,03/2022,N,Final,245200,236900,8300,3.4,2024,2022-03-01
23041,Sonoma County,County,2022,April,04/2022,N,Final,242900,235700,7200,3.0,2024,2022-04-01
23042,Sonoma County,County,2022,May,05/2022,N,Final,244500,238000,6500,2.7,2024,2022-05-01
23043,Sonoma County,County,2022,June,06/2022,N,Final,245400,237700,7700,3.1,2024,2022-06-01
23044,Sonoma County,County,2022,July,07/2022,N,Final,245200,237600,7600,3.1,2024,2022-07-01
23045,Sonoma County,County,2022,August,08/2022,N,Final,246400,238500,7900,3.2,2024,2022-08-01
23046,Sonoma County,County,2022,September,09/2022,N,Final,246900,239900,7000,2.8,2024,2022-09-01
23047,Sonoma County,County,2022,October,10/2022,N,Final,246200,238900,7300,3.0,2024,2022-10-01
23048,Sonoma County,County,2022,November,11/2022,N,Final,243600,235900,7700,3.1,2024,2022-11-01
23049,Sonoma County,County,2022,December,12/2022,N,Final,243400,236200,7200,2.9,2024,2022-12-01
23050,Sonoma County,County,2023,January,01/2023,N,Final,241700,232800,8900,3.7,2024,2023-01-01
23051,Sonoma County,County,2023,February,02/2023,N,Final,246100,237200,8900,3.6,2024,2023-02-01
23052,Sonoma County,County,2023,March,03/2023,N,Final,246900,238100,8700,3.5,2024,2023-03-01
23053,Sonoma County,County,2023,April,04/2023,N,Final,244300,236800,7500,3.1,2024,2023-04-01
23054,Sonoma County,County,2023,May,05/2023,N,Final,246600,238800,7800,3.1,2024,2023-05-01
23055,Sonoma County,County,2023,June,06/2023,N,Final,246800,237900,8900,3.6,2024,2023-06-01
23056,Sonoma County,County,2023,July,07/2023,N,Final,248600,239400,9200,3.7,2024,2023-07-01
23057,Sonoma County,County,2023,August,08/2023,N,Final,248800,239200,9600,3.9,2024,2023-08-01
23058,Sonoma County,County,2023,September,09/2023,N,Final,250100,241000,9100,3.6,2024,2023-09-01
23059,Sonoma County,County,2023,October,10/2023,N,Final,248300,239100,9300,3.7,2024,2023-10-01
23060,Sonoma County,County,2023,November,11/2023,N,Final,246800,237700,9100,3.7,2024,2023-11-01
23061,Sonoma County,County,2023,December,12/2023,N,Final,244700,235600,9100,3.7,2024,2023-12-01
23062,Sonoma County,County,2024,January,01/2024,N,Final,244200,233600,10700,4.4,2024,2024-01-01
23063,Sonoma County,County,2024,February,02/2024,N,Final,247200,236700,10600,4.3,2024,2024-02-01
23064,Sonoma County,County,2024,March,03/2024,N,Final,248200,238100,10100,4.1,2024,2024-03-01
23065,Sonoma County,County,2024,April,04/2024,N,Final,245100,236000,9100,3.7,2024,2024-04-01
23066,Sonoma County,County,2024,May,05/2024,N,Final,245400,236900,8500,3.5,2024,2024-05-01
23067,Sonoma County,County,2024,June,06/2024,N,Final,246900,236600,10300,4.2,2024,2024-06-01
23068,Sonoma County,County,2024,July,07/2024,N,Final,248600,237400,11200,4.5,2024,2024-07-01
23069,Sonoma County,County,2024,August,08/2024,N,Final,248200,236900,11300,4.5,2024,2024-08-01
23070,Sonoma County,County,2024,September,09/2024,N,Final,248800,238800,9900,4.0,2024,2024-09-01
23071,Sonoma County,County,2024,October,10/2024,N,Final,247000,236800,10200,4.1,2024,2024-10-01
23072,Sonoma County,County,2024,November,11/2024,N,Final,244800,234400,10400,4.2,2024,2024-11-01
23073,Sonoma County,County,2024,December,12/2024,N,Final,245200,235300,9900,4.0,2024,2024-12-01
23074,Sonoma County,County,2025,January,01/2025,N,Final,246600,235500,11100,4.5,2024,2025-01-01
23075,Sonoma County,County,2025,February,02/2025,N,Final,248900,238100,10800,4.3,2024,2025-02-01
23076,Sonoma County,County,2025,March,03/2025,N,Final,250600,240000,10600,4.2,2024,2025-03-01
23077,Sonoma County,County,2025,April,04/2025,N,Final,249500,239500,10000,4.0,2024,2025-04-01
23078,Sonoma County,County,2025,May,05/2025,N,Final,250400,240800,9600,3.8,2024,2025-05-01
23079,Sonoma County,County,2025,June,06/2025,N,Final,250100,238500,11600,4.7,2024,2025-06-01
23080,Sonoma County,County,2025,July,07/2025,N,Final,250300,238000,12400,4.9,2024,2025-07-01
23081,Sonoma County,County,2025,August,08/2025,N,Final,251900,240000,11900,4.7,2024,2025-08-01
23082,Sonoma County,County,2025,September,09/2025,N,Final,251900,240400,11500,4.6,2024,2025-09-01
23083,Sonoma County,County,2025,November,11/2025,N,Final,249300,238200,11100,4.4,2024,2025-11-01
23084,Sonoma County,County,2025,December,12/2025,N,Preliminary,247800,237300,10500,4.2,2024,2025-12-01
